Dia_Numero,Dia_Semana,Tema,Versiculos,Texto_Completo
1,Segunda,Recomeço,"2Co 5:17, Ez 36:26, Sl 51:10","2Co 5:17 - Portanto, se alguém está em Cristo, é nova criação. As coisas antigas já passaram; eis que surgiram coisas novas! | Ez 36:26 - Darei a vocês um coração novo e porei um espírito novo em vocês; tirarei de vocês o coração de pedra e lhes darei um coração de carne. | Sl 51:10 - Cria em mim um coração puro, ó Deus, e renova dentro de mim um espírito estável."
2,Terça,Foco e Autocontrole,"Pv 4:25-27, Gl 6:9, Cl 3:2","Pv 4:25-27 - Olhe sempre para a frente, mantenha o olhar fixo no que está diante de você. Veja bem por onde anda, e os seus passos serão seguros. Não se desvie nem para a direita nem para a esquerda; afaste os seus pés da maldade. | Gl 6:9 - E não nos cansemos de fazer o bem, pois no tempo próprio colheremos, se não desanimarmos. | Cl 3:2 - Mantenham o pensamento nas coisas do alto, e não nas coisas terrenas."
3,Quarta,Família,"Ef 6:2-3, Pv 17:17, 1Tm 5:8","Ef 6:2-3 - Honra teu pai e tua mãe — este é o primeiro mandamento com promessa — para que tudo te corra bem e tenhas longa vida sobre a terra. | Pv 17:17 - O amigo ama em todos os momentos; é um irmão na adversidade. | 1Tm 5:8 - Se alguém não cuida de seus parentes, e especialmente dos de sua própria família, negou a fé e é pior que um descrente."
4,Quinta,Organização e Finanças,"Pv 21:5, Lc 14:28, Mt 6:33","Pv 21:5 - Os planos bem elaborados levam à fartura; mas o apressado sempre acaba na miséria. | Lc 14:28 - Qual de vocês, se quiser construir uma torre, primeiro não se assenta e calcula o preço, para ver se tem dinheiro suficiente para completá-la? | Mt 6:33 - Busquem, pois, em primeiro lugar o Reino de Deus e a sua justiça, e todas essas coisas lhes serão acrescentadas."
5,Sexta,Paz e Cura,"Sl 34:17-18, Jo 14:27, 1Pe 5:7","Sl 34:17-18 - Os justos clamam, o Senhor os ouve e os livra de todas as suas tribulações. O Senhor está perto dos que têm o coração quebrantado e salva os de espírito abatido. | Jo 14:27 - Deixo-lhes a paz; a minha paz lhes dou. Não lha dou como o mundo a dá. Não se perturbe o seu coração, nem tenham medo. | 1Pe 5:7 - Lancem sobre ele toda a sua ansiedade, porque ele tem cuidado de vocês."
6,Sábado,Esperança e Força,"Lm 3:22-23, Is 40:29-31, Js 1:9","Lm 3:22-23 - Graças ao grande amor do Senhor é que não somos consumidos, pois as suas misericórdias são inesgotáveis. Renovam-se a cada manhã; grande é a tua fidelidade! | Is 40:29-31 - Ele fortalece o cansado e dá grande vigor ao que está sem forças. Até os jovens se cansam e ficam exaustos, mas aqueles que esperam no Senhor renovam as suas forças. Voam alto como águias; correm e não ficam exaustos, andam e não se cansam. | Js 1:9 - Não fui eu que ordenei a você? Seja forte e corajoso! Não se apavore nem desanime, pois o Senhor, o seu Deus, estará com você por onde você andar."
7,Domingo,Gratidão e Louvor,"1Ts 5:16-18, Sl 100:4-5, Sl 23:1-3","1Ts 5:16-18 - Alegrem-se sempre. Orem continuamente. Dêem graças em todas as circunstâncias, pois esta é a vontade de Deus para vocês em Cristo Jesus. | Sl 100:4-5 - Entrem por suas portas com ações de graças e em seus átrios com louvor; dêem-lhe graças e bendigam o seu nome. Pois o Senhor é bom e o seu amor leal é eterno; a sua fidelidade permanece por todas as gerações. | Sl 23:1-3 - O Senhor é o meu pastor; de nada terei falta. Em verdes pastagens faz-me repousar e conduz-me a águas tranquilas; restaura-me o vigor. Guia-me nas veredas da justiça por amor do seu nome."
8,Segunda,Recomeço,"Is 43:18-19, Fp 3:13-14, Ef 4:22-24","Is 43:18-19 - Esqueçam as coisas passadas; não fiquem pensando no que passou. Vejam, estou fazendo uma coisa nova! Ela já está surgindo! Vocês não a reconhecem? Até no deserto vou abrir um caminho e riachos no ermo. | Fp 3:13-14 - Irmãos, não penso que eu mesmo já o tenha alcançado, mas uma coisa faço: esquecendo-me das coisas que ficaram para trás e avançando para as que estão adiante, prossigo para o alvo, a fim de ganhar o prêmio do chamado celestial de Deus em Cristo Jesus. | Ef 4:22-24 - Quanto à antiga maneira de viver, vocês foram ensinados a despir-se do velho homem, que se corrompe por desejos enganosos, a serem renovados no modo de pensar e a revestir-se do novo homem, criado para ser semelhante a Deus em justiça e em santidade provenientes da verdade."
9,Terça,Foco e Autocontrole,"2Tm 1:7, Pv 16:32, Fp 4:13","2Tm 1:7 - Pois Deus não nos deu espírito de covardia, mas de poder, de amor e de equilíbrio. | Pv 16:32 - Melhor é o homem paciente do que o guerreiro, mais vale controlar o seu espírito do que conquistar uma cidade. | Fp 4:13 - Tudo posso naquele que me fortalece."
10,Quarta,Família,"Js 24:15, Cl 3:20-21, Pv 22:6","Js 24:15 - Se, porém, não lhes agrada servir ao Senhor, escolham hoje a quem irão servir. Mas, eu e a minha família serviremos ao Senhor. | Cl 3:20-21 - Filhos, obedeçam a seus pais em tudo, pois isso agrada ao Senhor. Pais, não irritem seus filhos, para que eles não fiquem desanimados. | Pv 22:6 - Ensina a criança no caminho em que deve andar, e ainda quando for velho não se desviará dele."
11,Quinta,Organização e Finanças,"Pv 3:9-10, 1Tm 6:6-8, Pv 13:11","Pv 3:9-10 - Honre o Senhor com todos os seus recursos e com os primeiros frutos de todas as suas plantações; os seus celeiros ficarão plenamente cheios, e os seus barris transbordarão de vinho. | 1Tm 6:6-8 - De fato, a piedade com contentamento é grande fonte de lucro, pois nada trouxemos para este mundo e dele nada podemos levar; mas, se temos comida e vestuário, estejamos contentes com isso. | Pv 13:11 - O dinheiro ganho com desonestidade diminuirá, mas quem o ajunta aos poucos terá cada vez mais."
12,Sexta,Paz e Cura,"Fp 4:6-7, Mt 11:28-30, Is 53:5","Fp 4:6-7 - Não andem ansiosos por coisa alguma, mas em tudo, pela oração e súplicas, e com ação de graças, apresentem seus pedidos a Deus. E a paz de Deus, que excede todo o entendimento, guardará os seus corações e as suas mentes em Cristo Jesus. | Mt 11:28-30 - Venham a mim, todos os que estão cansados e sobrecarregados, e eu lhes darei descanso. Tomem sobre vocês o meu jugo e aprendam de mim, pois sou manso e humilde de coração, e vocês encontrarão descanso para as suas almas. Pois o meu jugo é suave e o meu fardo é leve. | Is 53:5 - Mas ele foi traspassado por causa das nossas transgressões, foi esmagado por causa de nossas iniquidades; o castigo que nos trouxe a paz estava sobre ele, e pelas suas feridas fomos curados."
13,Sábado,Esperança e Força,"Sl 27:1, Is 41:10, Hb 6:19","Sl 27:1 - O Senhor é a minha luz e a minha salvação; de quem terei temor? O Senhor é a fortaleza da minha vida; de quem terei medo? | Is 41:10 - Não temas, porque eu sou contigo; não te assombres, porque eu sou o teu Deus; eu te fortaleço, e te ajudo, e te sustento com a destra da minha justiça. | Hb 6:19 - Temos esta esperança como âncora da alma, firme e segura, a qual penetra no santuário interior, por trás do véu."
14,Domingo,Gratidão e Louvor,"Sl 103:1-2, Cl 3:15-17, Ef 5:20","Sl 103:1-2 - Bendize, ó minha alma, ao Senhor, e tudo o que há em mim bendiga o seu santo nome. Bendize, ó minha alma, ao Senhor, e não te esqueças de nem um só de seus benefícios. | Cl 3:15-17 - Que a paz de Cristo seja o juiz em seus corações, visto que vocês foram chamados para viver em paz, como membros de um só corpo. E sejam agradecidos. Habite ricamente em vocês a palavra de Cristo. E tudo o que fizerem, seja em palavra ou em ação, façam-no em nome do Senhor Jesus, dando por meio dele graças a Deus Pai. | Ef 5:20 - Dando sempre graças por tudo a nosso Deus e Pai, em nome de nosso Senhor Jesus Cristo."
15,Segunda,Recomeço,"1Pe 1:3, Jr 29:11, Ap 21:5","1Pe 1:3 - Bendito seja o Deus e Pai de nosso Senhor Jesus Cristo! Conforme a sua grande misericórdia, ele nos regenerou para uma esperança viva, por meio da ressurreição de Jesus Cristo dentre os mortos. | Jr 29:11 - Porque sou eu que conheço os planos que tenho para vocês, diz o Senhor, planos de fazê-los prosperar e não de causar dano, planos de dar a vocês esperança e um futuro. | Ap 21:5 - Aquele que estava assentado no trono disse: Estou fazendo novas todas as coisas! E acrescentou: Escreva isto, pois estas palavras são verdadeiras e dignas de confiança."
16,Terça,Foco e Autocontrole,"Tg 1:19-20, 1Pe 5:8, Pv 25:28","Tg 1:19-20 - Meus amados irmãos, tenham isto em mente: Sejam todos prontos para ouvir, tardios para falar e tardios para irar-se, pois a ira do homem não produz a justiça de Deus. | 1Pe 5:8 - Estejam alertas e vigiem. O Diabo, o inimigo de vocês, anda ao redor como leão, rugindo e procurando a quem possa devorar. | Pv 25:28 - Como a cidade com seus muros derrubados, assim é quem não sabe dominar-se."
17,Quarta,Família,"Sl 128:1-2, Ef 5:25, 1Jo 4:19","Sl 128:1-2 - Como é feliz quem teme ao Senhor, quem anda em seus caminhos! Você comerá do fruto do seu trabalho, e será feliz e próspero. | Ef 5:25 - Maridos, ame cada um a sua mulher, assim como Cristo amou a igreja e entregou-se por ela. | 1Jo 4:19 - Nós amamos porque ele nos amou primeiro."
18,Quinta,Organização e Finanças,"1Co 14:40, 2Co 9:6-7, Pv 10:4","1Co 14:40 - Mas tudo deve ser feito com decência e ordem. | 2Co 9:6-7 - Lembrem-se: aquele que semeia pouco também colherá pouco, e aquele que semeia com fartura também colherá com fartura. Cada um dê conforme determinou em seu coração, não com pesar ou por obrigação, pois Deus ama quem dá com alegria. | Pv 10:4 - As mãos preguiçosas empobrecem o homem, porém as mãos diligentes lhe trazem riqueza."
19,Sexta,Paz e Cura,"Jr 17:14, Sl 46:1-2, Jo 16:33","Jr 17:14 - Cura-me, Senhor, e serei curado; salva-me, e serei salvo, pois tu és aquele a quem eu louvo. | Sl 46:1-2 - Deus é o nosso refúgio e a nossa fortaleza, auxílio sempre presente na adversidade. Por isso não temeremos, ainda que a terra trema e os montes afundem no coração do mar. | Jo 16:33 - Eu lhes disse essas coisas para que em mim vocês tenham paz. Neste mundo vocês terão aflições; contudo, tenham ânimo! Eu venci o mundo."
20,Sábado,Esperança e Força,"Sl 62:5-6, 1Co 15:58, Dt 31:6","Sl 62:5-6 - Descanse somente em Deus, ó minha alma; dele vem a minha esperança. Somente ele é a rocha que me salva; ele é a minha torre segura! Não serei abalado! | 1Co 15:58 - Portanto, meus amados irmãos, mantenham-se firmes, e que nada os abale. Sejam sempre dedicados à obra do Senhor, pois vocês sabem que, no Senhor, o trabalho de vocês não será inútil. | Dt 31:6 - Sejam fortes e corajosos. Não tenham medo nem fiquem apavorados por causa delas, pois o Senhor, o seu Deus, vai com vocês; nunca os deixará, nunca os abandonará."
21,Domingo,Gratidão e Louvor,"Sl 136:1, Fp 4:4, Sl 150:6","Sl 136:1 - Dêem graças ao Senhor, porque ele é bom. O seu amor dura para sempre! | Fp 4:4 - Alegrem-se sempre no Senhor. Novamente direi: Alegrem-se! | Sl 150:6 - Tudo o que tem vida louve o Senhor! Aleluia!"
22,Segunda,Recomeço,"Rm 6:4, Gl 2:20, 1Jo 1:9","Rm 6:4 - Portanto, fomos sepultados com ele na morte por meio do batismo, a fim de que, assim como Cristo foi ressuscitado dos mortos mediante a glória do Pai, também nós vivamos uma vida nova. | Gl 2:20 - Fui crucificado com Cristo. Assim, já não sou eu quem vive, mas Cristo vive em mim. A vida que agora vivo no corpo, vivo-a pela fé no filho de Deus, que me amou e se entregou por mim. | 1Jo 1:9 - Se confessarmos os nossos pecados, ele é fiel e justo para nos perdoar os pecados e nos purificar de toda injustiça."
23,Terça,Foco e Autocontrole,"Sl 119:37, Mt 6:22, 1Co 6:12","Sl 119:37 - Desvia os meus olhos das coisas inúteis; faz-me viver nos teus caminhos. | Mt 6:22 - Os olhos são a candeia do corpo. Se os seus olhos forem bons, todo o seu corpo será cheio de luz. | 1Co 6:12 - Todas as coisas me são permitidas, mas nem todas são proveitosas. Todas as coisas me são permitidas, mas eu não deixarei que nada me domine."
24,Quarta,Família,"Pv 15:1, 1Co 13:4-7, Sl 133:1","Pv 15:1 - A resposta calma desvia a fúria, mas a palavra ríspida desperta a ira. | 1Co 13:4-7 - O amor é paciente, o amor é bondoso. Não inveja, não se vangloria, não se orgulha. Não maltrata, não procura seus interesses, não se ira facilmente, não guarda rancor. O amor não se alegra com a injustiça, mas se alegra com a verdade. Tudo sofre, tudo crê, tudo espera, tudo suporta. | Sl 133:1 - Como é bom e agradável quando os irmãos convivem em união!"
25,Quinta,Organização e Finanças,"Pv 24:3-4, Fp 4:19, Lc 16:10","Pv 24:3-4 - Com sabedoria se constrói a casa, e através do discernimento ela se consolida; pelo conhecimento os seus cômodos se enchem de tudo o que é precioso e agradável. | Fp 4:19 - O meu Deus suprirá todas as necessidades de vocês, de acordo com as suas gloriosas riquezas em Cristo Jesus. | Lc 16:10 - Quem é fiel no pouco, também é fiel no muito, e quem é desonesto no pouco, também é desonesto no muito."
26,Sexta,Paz e Cura,"Sl 91:1-2, Pv 17:22, Rm 15:13","Sl 91:1-2 - Aquele que habita no abrigo do Altíssimo e descansa à sombra do Todo-poderoso pode dizer ao Senhor: Tu és o meu refúgio e a minha fortaleza, o meu Deus, em quem confio. | Pv 17:22 - O coração alegre é bom remédio, mas o espírito abatido seca os ossos. | Rm 15:13 - Que o Deus da esperança os encha de toda alegria e paz, por sua confiança nele, para que vocês transbordem de esperança, pelo poder do Espírito Santo."
27,Sábado,Esperança e Força,"Sl 130:5, Rm 8:24-25, Is 12:2","Sl 130:5 - Espero no Senhor com todo o meu ser, e na sua palavra ponho a minha esperança. | Rm 8:24-25 - Pois nessa esperança fomos salvos. Mas esperança que se vê não é esperança. Quem espera por aquilo que está vendo? Mas se esperamos o que ainda não vemos, com paciência o aguardamos. | Is 12:2 - Certamente Deus é a minha salvação; terei confiança e não temerei. O Senhor, sim, o Senhor é a minha força e o meu cântico; ele é a minha salvação!"
28,Domingo,Gratidão e Louvor,"Sl 30:11-12, Sl 63:3-4, Hb 12:28","Sl 30:11-12 - Mudaste o meu pranto em dança, a minha veste de lamento em veste de alegria, para que o meu coração cante louvores a ti e não se cale. Senhor, meu Deus, eu te darei graças para sempre. | Sl 63:3-4 - Porque o teu amor é melhor do que a vida, os meus lábios te louvarão. Enquanto eu viver te bendirei, e em teu nome levantarei as minhas mãos. | Hb 12:28 - Portanto, já que estamos recebendo um Reino inabalável, sejamos agradecidos e, assim, adoremos a Deus de modo aceitável, com reverência e temor."
29,Segunda,Recomeço,"Ez 11:19, Sl 103:12, Mq 7:19","Ez 11:19 - Darei a eles um coração não dividido e porei um novo espírito dentro deles; tirarei deles o coração de pedra e lhes darei um coração de carne. | Sl 103:12 - E tão longe quanto o oriente está do ocidente, assim ele afasta de nós as nossas transgressões. | Mq 7:19 - De novo terás compaixão de nós; pisarás as nossas maldades e atirarás todos os nossos pecados nas profundezas do mar."
30,Terça,Foco e Autocontrole,"Pv 13:3, Mt 7:13-14, 1Ts 4:4","Pv 13:3 - Quem guarda a sua boca guarda a sua vida, mas quem fala demais acaba se arruinando. | Mt 7:13-14 - Entrem pela porta estreita, pois larga é a porta e amplo o caminho que leva à perdição, e são muitos os que entram por ela. Como é estreita a porta, e apertado o caminho que leva à vida! São poucos os que a encontram. | 1Ts 4:4 - Cada um saiba controlar o seu próprio corpo de maneira santa e honrosa."
31,Quarta,Família,"Gn 2:24, Ex 20:12, Mt 19:6","Gn 2:24 - Por essa razão, o homem deixará pai e mãe e se unirá à sua mulher, e eles se tornarão uma só carne. | Ex 20:12 - Honra teu pai e tua mãe, a fim de que tenhas vida longa na terra que o Senhor, o teu Deus, te dá. | Mt 19:6 - Assim, eles já não são dois, mas sim uma só carne. Portanto, o que Deus uniu, ninguém o separe."
32,Quinta,Organização e Finanças,"Pv 11:24-25, Pv 14:23, Mt 6:19-21","Pv 11:24-25 - Quem dá com generosidade, tem cada vez mais; quem retém mais do que é justo, cai na pobreza. O generoso prosperará; quem dá alívio aos outros, alívio receberá. | Pv 14:23 - Todo trabalho árduo traz proveito, mas o só falar leva à pobreza. | Mt 6:19-21 - Não acumulem para vocês tesouros na terra, onde a traça e a ferrugem destroem, e onde os ladrões arrombam e furtam. Mas acumulem tesouros nos céus. Pois onde estiver o seu tesouro, aí estará também o seu coração."
33,Sexta,Paz e Cura,"Sl 107:20, Pv 4:20-22, Jr 30:17","Sl 107:20 - Ele enviou a sua palavra e os curou, e os livrou da morte. | Pv 4:20-22 - Meu filho, escute o que lhe digo; preste atenção às minhas palavras. Não as perca de vista; guarde-as no fundo do coração, pois são vida para quem as encontra e saúde para todo o seu corpo. | Jr 30:17 - Farei cicatrizar o seu ferimento e curarei as suas feridas, declara o Senhor."
34,Sábado,Esperança e Força,"Ne 8:10, Sl 18:2, Sl 22:4-5","Ne 8:10 - Não se entristeçam, porque a alegria do Senhor é a força de vocês. | Sl 18:2 - O Senhor é a minha rocha, a minha fortaleza e o meu libertador; o meu Deus é o meu rochedo, em quem me refugio. Ele é o meu escudo e o poder que me salva, a minha torre alta. | Sl 22:4-5 - Em ti os nossos antepassados puseram a sua confiança; confiaram, e os livraste. Clamaram a ti e foram libertos; em ti confiaram, e não se decepcionaram."
35,Domingo,Gratidão e Louvor,"1Cr 29:13, Ed 3:11, 1Sm 2:1-2","1Cr 29:13 - Agora, nosso Deus, damos-te graças, e louvamos o teu glorioso nome. | Ed 3:11 - Com louvor e ações de graças cantavam ao Senhor: Ele é bom; o seu amor por Israel dura para sempre. E todo o povo deu um grande brado de louvor ao Senhor. | 1Sm 2:1-2 - Meu coração se regozija no Senhor; no Senhor a minha força é exaltada. A minha boca se gloria sobre os meus inimigos, pois me alegro em tua salvação. Não há ninguém santo como o Senhor."
36,Segunda,Recomeço,"Rm 8:1, Ef 2:4-5, Tg 4:8","Rm 8:1 - Portanto, agora já não há condenação para os que estão em Cristo Jesus. | Ef 2:4-5 - Todavia, Deus, que é rico em misericórdia, pelo grande amor com que nos amou, deu-nos vida juntamente com Cristo, quando ainda estávamos mortos em transgressões — pela graça vocês são salvos. | Tg 4:8 - Aproximem-se de Deus, e ele se aproximará de vocês! Pecadores, limpem as mãos, e vocês, que têm a mente dividida, purifiquem o coração."
37,Terça,Foco e Autocontrole,"Hb 12:11, 1Pe 1:13, 1Jo 2:15-17","Hb 12:11 - Nenhuma disciplina parece ser motivo de alegria no momento, mas sim de tristeza. Mais tarde, porém, produz fruto de justiça e paz para aqueles que por ela foram exercitados. | 1Pe 1:13 - Portanto, estejam com a mente preparada, prontos para agir; estejam alertas e ponham toda a esperança na graça que lhes será dada quando Jesus Cristo for revelado. | 1Jo 2:15-17 - Não amem o mundo nem o que nele há. Se alguém ama o mundo, o amor do Pai não está nele. O mundo e a sua cobiça passam, mas aquele que faz a vontade de Deus permanece para sempre."
38,Quarta,Família,"Pv 12:4, Ec 4:9-10, Ct 8:7","Pv 12:4 - A mulher exemplar é a coroa do seu marido, mas a de comportamento vergonhoso é como câncer nos seus ossos. | Ec 4:9-10 - É melhor ter companhia do que estar sozinho, porque maior é a recompensa pelo trabalho. Se um cair, o amigo pode ajudá-lo a levantar-se. Mas pobre do homem que cai e não tem quem o ajude a levantar-se! | Ct 8:7 - As muitas águas não podem apagar o amor; os rios não podem afogá-lo."
39,Quinta,Organização e Finanças,"Lc 12:15, Rm 12:11, 1Co 4:2","Lc 12:15 - Então lhes disse: Cuidado! Fiquem de sobreaviso contra todo tipo de ganância; a vida de um homem não consiste na quantidade dos seus bens. | Rm 12:11 - Nunca lhes falte o zelo, sejam fervorosos no espírito, sirvam ao Senhor. | 1Co 4:2 - O que se requer destes encarregados é que sejam fiéis."
40,Sexta,Paz e Cura,"Jr 33:6, Mt 8:17, Mc 5:34","Jr 33:6 - Todavia, trarei restauração e cura para ela; curá-los-ei e lhes darei muita paz e segurança. | Mt 8:17 - Isso aconteceu para que se cumprisse o que fora dito pelo profeta Isaías: Ele tomou sobre si as nossas enfermidades e carregou as nossas doenças. | Mc 5:34 - Ele lhe disse: Filha, a sua fé a curou! Vá em paz e fique livre do seu sofrimento."
41,Sábado,Esperança e Força,"Sl 31:24, Sl 33:20-22, Sl 59:16","Sl 31:24 - Sejam fortes e corajosos, todos vocês que esperam no Senhor! | Sl 33:20-22 - Nossa esperança está no Senhor; ele é o nosso auxílio e a nossa proteção. Nele se alegra o nosso coração, pois confiamos no seu santo nome. Esteja sobre nós o teu amor, Senhor, como está em ti a nossa esperança. | Sl 59:16 - Eu, porém, cantarei a tua força; pela manhã louvarei com alegria o teu amor leal, pois tu és o meu alto refúgio, abrigo seguro nos tempos de angústia."
42,Domingo,Gratidão e Louvor,"Sl 7:17, Sl 34:1-3, Sl 75:1","Sl 7:17 - Darei graças ao Senhor por sua justiça; ao nome do Senhor Altíssimo cantarei louvores. | Sl 34:1-3 - Bendirei o Senhor o tempo todo; os meus lábios sempre o louvarão. Minha alma se gloriará no Senhor; ouçam os oprimidos e se alegrem. Proclamem a grandeza do Senhor comigo; juntos exaltemos o seu nome. | Sl 75:1 - Damos-te graças, ó Deus, damos graças, pois perto está o teu nome; todos proclamam as tuas maravilhas."
43,Segunda,Recomeço,"Sl 32:5, Pv 3:5-6, 2Co 4:16","Sl 32:5 - Então reconheci diante de ti o meu pecado e não encobri as minhas culpas. Eu disse: Confessarei as minhas transgressões ao Senhor, e tu perdoaste a culpa do meu pecado. | Pv 3:5-6 - Confie no Senhor de todo o seu coração e não se apoie em seu próprio entendimento; reconheça o Senhor em todos os seus caminhos, e ele endireitará as suas veredas. | 2Co 4:16 - Por isso não desanimamos. Embora exteriormente estejamos a desgastar-nos, interiormente estamos sendo renovados dia a dia."
44,Terça,Foco e Autocontrole,"Pv 21:23, Ec 7:9, Mt 26:41","Pv 21:23 - Quem é cuidadoso no que fala evita muito sofrimento. | Ec 7:9 - Não permita que a ira domine o seu espírito, pois a ira se abriga no íntimo dos tolos. | Mt 26:41 - Vigiem e orem para que não caiam em tentação. O espírito está pronto, mas a carne é fraca."
45,Quarta,Família,"Ef 5:33, 1Ts 4:9, 1Tm 3:4-5","Ef 5:33 - Portanto, cada um de vocês também ame a sua mulher como a si mesmo, e a mulher trate o marido com todo o respeito. | 1Ts 4:9 - Quanto ao amor fraternal, não precisamos escrever-lhes, pois vocês mesmos já foram ensinados por Deus a se amarem uns aos outros. | 1Tm 3:4-5 - Ele deve governar bem sua própria família, tendo os filhos sujeitos a ele, com toda a dignidade. Pois, se alguém não sabe governar sua própria família, como poderá cuidar da igreja de Deus?"
46,Quinta,Organização e Finanças,"2Co 8:12, 2Ts 3:10, Hb 13:5","2Co 8:12 - Porque, se há prontidão, a oferta é aceitável de acordo com aquilo que alguém tem, e não com o que não tem. | 2Ts 3:10 - Quando ainda estávamos com vocês, nós lhes ordenamos isto: Se alguém não quiser trabalhar, também não coma. | Hb 13:5 - Conservem-se livres do amor ao dinheiro e contentem-se com o que vocês têm, porque Deus mesmo disse: Nunca o deixarei, nunca o abandonarei."
47,Sexta,Paz e Cura,"Rm 8:28, 2Co 12:9, 1Pe 2:24","Rm 8:28 - Sabemos que Deus age em todas as coisas para o bem daqueles que o amam, dos que foram chamados de acordo com o seu propósito. | 2Co 12:9 - Mas ele me disse: A minha graça te basta, pois o meu poder se aperfeiçoa na fraqueza. Portanto, eu me gloriarei ainda mais alegremente em minhas fraquezas, para que o poder de Cristo repouse em mim. | 1Pe 2:24 - Ele mesmo levou em seu corpo os nossos pecados sobre o madeiro, a fim de que morrêssemos para os pecados e vivêssemos para a justiça; por suas feridas vocês foram curados."
48,Sábado,Esperança e Força,"Sl 73:26, Pv 18:10, Is 33:2","Sl 73:26 - O meu corpo e o meu coração poderão fraquejar, mas Deus é a força do meu coração e a minha herança para sempre. | Pv 18:10 - Torre forte é o nome do Senhor; para ela corre o justo e está seguro. | Is 33:2 - Senhor, tem misericórdia de nós; em ti esperamos! Sê tu a nossa força a cada manhã, a nossa salvação na hora do perigo."
49,Domingo,Gratidão e Louvor,"Sl 86:12, Sl 92:1-2, Sl 145:1-3","Sl 86:12 - De todo o meu coração te louvarei, Senhor, meu Deus; glorificarei o teu nome para sempre. | Sl 92:1-2 - Como é bom render graças ao Senhor e cantar louvores ao teu nome, ó Altíssimo; anunciar de manhã o teu amor leal e de noite a tua fidelidade. | Sl 145:1-3 - Eu te exaltarei, meu Deus e meu rei; bendirei o teu nome para todo o sempre! Todos os dias te bendirei e louvarei o teu nome para todo o sempre! Grande é o Senhor e digno de todo louvor; sua grandeza não tem limites."
50,Segunda,Recomeço,"At 3:19, Lc 15:20, Rm 5:8","At 3:19 - Arrependam-se, pois, e voltem-se para Deus, para que os seus pecados sejam cancelados, para que venham tempos de descanso da parte do Senhor. | Lc 15:20 - Levantou-se e foi para seu pai. Estando ainda longe, seu pai o viu e, cheio de compaixão, correu para seu filho, e o abraçou e beijou. | Rm 5:8 - Mas Deus demonstra seu amor por nós: Cristo morreu em nosso favor quando ainda éramos pecadores."
51,Terça,Foco e Autocontrole,"1Co 9:27, 2Co 10:5, Gl 5:22-23","1Co 9:27 - Mas esmurro o meu corpo e faço dele meu escravo, para que, depois de ter pregado aos outros, eu mesmo não venha a ser reprovado. | 2Co 10:5 - Destruímos argumentos e toda pretensão que se levanta contra o conhecimento de Deus, e levamos cativo todo pensamento, para torná-lo obediente a Cristo. | Gl 5:22-23 - Mas o fruto do Espírito é amor, alegria, paz, paciência, amabilidade, bondade, fidelidade, mansidão e domínio próprio. Contra essas coisas não há lei."
52,Quarta,Família,"1Pe 3:8-9, 1Jo 3:18, 1Jo 4:20","1Pe 3:8-9 - Finalmente, tenham todos o mesmo modo de pensar, sejam compassivos, amem-se fraternalmente, sejam misericordiosos e humildes. Não retribuam mal com mal, nem insulto com insulto; ao contrário, bendigam. | 1Jo 3:18 - Filhinhos, não amemos de palavra nem de boca, mas em ação e em verdade. | 1Jo 4:20 - Se alguém afirmar: Eu amo a Deus, mas odiar seu irmão, é mentiroso, pois quem não ama seu irmão, a quem vê, não pode amar a Deus, a quem não vê."
53,Quinta,Organização e Finanças,"Ml 3:10, Pv 13:22, Pv 21:20","Ml 3:10 - Tragam o dízimo todo ao depósito do templo, para que haja alimento em minha casa. Ponham-me à prova nisso, diz o Senhor dos Exércitos, e vejam se não vou abrir as comportas dos céus e derramar sobre vocês tantas bênçãos que nem terão onde guardá-las. | Pv 13:22 - O homem bom deixa herança para os filhos dos seus filhos, mas a riqueza do pecador é acumulada para o justo. | Pv 21:20 - Na casa do sábio há comida e azeite armazenados, mas o tolo devora tudo o que pode."
54,Sexta,Paz e Cura,"Sl 4:8, Sl 29:11, Pv 3:24","Sl 4:8 - Em paz me deito e logo adormeço, pois só tu, Senhor, me fazes viver em segurança. | Sl 29:11 - O Senhor dá força ao seu povo; o Senhor abençoa com paz ao seu povo. | Pv 3:24 - Quando você se deitar, não terá medo, e o seu sono será tranquilo."
55,Sábado,Esperança e Força,"Is 40:31, Lm 3:24, Zc 9:12","Is 40:31 - Mas aqueles que esperam no Senhor renovam as suas forças. Voam alto como águias; correm e não ficam exaustos, andam e não se cansam. | Lm 3:24 - Digo a mim mesmo: A minha porção é o Senhor; portanto, nele porei a minha esperança. | Zc 9:12 - Voltem à sua fortaleza, ó prisioneiros da esperança; hoje mesmo anuncio que restaurarei o dobro para vocês."
56,Domingo,Gratidão e Louvor,"Is 12:4, Is 25:1, Dn 2:23","Is 12:4 - Naquele dia vocês dirão: Louvem ao Senhor, invoquem o seu nome; anunciem entre as nações os seus feitos, e façam proclamar que o seu nome é exaltado. | Is 25:1 - Senhor, tu és o meu Deus; eu te exaltarei e louvarei o teu nome, pois com perfeita fidelidade tens feito coisas maravilhosas, planos formulados há muito tempo. | Dn 2:23 - Eu te agradeço e te louvo, ó Deus dos meus antepassados; tu me deste sabedoria e poder."
57,Segunda,Recomeço,"Jo 8:11, Hb 10:22, 1Pe 2:2","Jo 8:11 - Respondeu ela: Ninguém, Senhor. Declarou Jesus: Nem eu a condeno. Vá agora e não volte a pecar. | Hb 10:22 - Aproximemo-nos de Deus com um coração sincero e com plena convicção de fé, tendo os corações purificados de uma mente culpada e os corpos lavados com água pura. | 1Pe 2:2 - Como crianças recém-nascidas, desejem de coração o leite espiritual puro, para que por meio dele cresçam para a salvação."
58,Terça,Foco e Autocontrole,"1Ts 5:6, 1Tm 4:7-8, Tg 1:12","1Ts 5:6 - Portanto, não durmamos como os demais, mas estejamos atentos e sejamos sóbrios. | 1Tm 4:7-8 - Rejeite, porém, as fábulas profanas e tolas e exercite-se na piedade. Pois o exercício físico traz algum benefício, mas a piedade para tudo é proveitosa, tendo promessa de vida tanto para a presente quanto para a futura. | Tg 1:12 - Feliz é o homem que persevera na provação, porque depois de aprovado receberá a coroa da vida, que Deus prometeu aos que o amam."
59,Quarta,Família,"Pv 18:22, Pv 20:7, Pv 23:22","Pv 18:22 - Quem encontra uma esposa acha uma coisa boa e alcança o favor do Senhor. | Pv 20:7 - O homem justo leva uma vida íntegra; como são felizes os seus filhos! | Pv 23:22 - Ouça o seu pai, que o gerou; não despreze sua mãe quando ela envelhecer."
60,Quinta,Organização e Finanças,"Pv 22:4, Pv 28:19, Ec 3:1","Pv 22:4 - A recompensa da humildade e do temor do Senhor são a riqueza, a honra e a vida. | Pv 28:19 - Quem lavra sua terra terá comida com fartura, mas quem persegue fantasias se fartará de miséria. | Ec 3:1 - Para tudo há uma ocasião certa; há um tempo certo para cada propósito debaixo do céu."
61,Sexta,Paz e Cura,"Rm 5:1, Rm 8:6, Rm 14:17","Rm 5:1 - Tendo sido, pois, justificados pela fé, temos paz com Deus, por nosso Senhor Jesus Cristo. | Rm 8:6 - A mentalidade da carne é morte, mas a mentalidade do Espírito é vida e paz. | Rm 14:17 - Pois o Reino de Deus não é comida nem bebida, mas justiça, paz e alegria no Espírito Santo."
62,Sábado,Esperança e Força,"Rm 5:2-5, Rm 15:13, 1Co 13:13","Rm 5:2-5 - Por meio de quem obtivemos acesso pela fé a esta graça na qual agora estamos firmes; e nos gloriamos na esperança da glória de Deus. E a esperança não nos decepciona, porque Deus derramou seu amor em nossos corações. | Rm 15:13 - Que o Deus da esperança os encha de toda alegria e paz, por sua confiança nele, para que vocês transbordem de esperança, pelo poder do Espírito Santo. | 1Co 13:13 - Assim, permanecem agora estes três: a fé, a esperança e o amor. O maior deles, porém, é o amor."
63,Domingo,Gratidão e Louvor,"Lc 17:15-16, At 16:25, Rm 11:36","Lc 17:15-16 - Um deles, quando viu que estava curado, voltou, louvando a Deus em alta voz. Prostrou-se aos pés de Jesus e lhe agradeceu. Este era samaritano. | At 16:25 - Por volta da meia-noite, Paulo e Silas estavam orando e cantando hinos a Deus; os outros presos os ouviam. | Rm 11:36 - Pois dele, por ele e para ele são todas as coisas. A ele seja a glória para sempre! Amém."
64,Segunda,Recomeço,"Rm 12:1-2, Gl 5:16, Fp 1:6","Rm 12:1-2 - Portanto, irmãos, rogo-lhes pelas misericórdias de Deus que se ofereçam em sacrifício vivo, santo e agradável a Deus; este é o culto racional de vocês. Não se amoldem ao padrão deste mundo, mas transformem-se pela renovação da sua mente. | Gl 5:16 - Por isso digo: Vivam pelo Espírito, e de modo nenhum satisfarão os desejos da carne. | Fp 1:6 - Estou convencido de que aquele que começou boa obra em vocês, vai completá-la até o dia de Cristo Jesus."
65,Terça,Foco e Autocontrole,"1Pe 4:7, 2Pe 3:17-18, Pv 10:17","1Pe 4:7 - O fim de todas as coisas está próximo. Portanto, sejam criteriosos e sóbrios; dediquem-se à oração. | 2Pe 3:17-18 - Portanto, amados, sabendo disso, guardem-se para que não sejam arrastados pelo erro desses homens sedutores e caiam da sua posição segura. Cresçam, porém, na graça e no conhecimento de nosso Senhor e Salvador Jesus Cristo. | Pv 10:17 - Quem acolhe a disciplina mostra o caminho da vida, mas quem ignora a repreensão desencaminha outros."
66,Quarta,Família,"Pv 27:17, Is 54:13, Ml 2:15","Pv 27:17 - Assim como o ferro afia o ferro, o homem afia o seu companheiro. | Is 54:13 - Todos os seus filhos serão ensinados pelo Senhor, e grande será a paz de suas crianças. | Ml 2:15 - Não foi o Senhor que os fez um só? Em corpo e em espírito eles pertencem a ele. E por que um só? Porque ele desejava uma descendência consagrada."
67,Quinta,Organização e Finanças,"Lc 6:38, At 20:35, 2Co 9:10-11","Lc 6:38 - Dêem, e lhes será dado: uma boa medida, calcada, sacudida e transbordante será dada a vocês. Pois a medida que usarem, também será usada para medir vocês. | At 20:35 - Em tudo o que fiz, mostrei-lhes que mediante trabalho árduo devemos ajudar os fracos, lembrando as palavras do próprio Senhor Jesus: Há maior felicidade em dar do que em receber. | 2Co 9:10-11 - Aquele que supre a semente ao que semeia e o pão ao que come, também lhes suprirá e multiplicará a semente e aumentará os frutos da sua justiça. Vocês serão enriquecidos de todas as formas, para que possam ser generosos em qualquer ocasião."
68,Sexta,Paz e Cura,"Gl 5:22, Ef 2:14, Cl 3:15","Gl 5:22 - Mas o fruto do Espírito é amor, alegria, paz, paciência, amabilidade, bondade, fidelidade. | Ef 2:14 - Porque ele é a nossa paz, o qual de ambos fez um e destruiu a barreira, o muro de inimizade. | Cl 3:15 - Que a paz de Cristo seja o juiz em seus corações, visto que vocês foram chamados para viver em paz, como membros de um só corpo. E sejam agradecidos."
69,Sábado,Esperança e Força,"Ef 1:18-19, Cl 1:27, 1Ts 1:3","Ef 1:18-19 - Oro também para que os olhos do coração de vocês sejam iluminados, a fim de que conheçam a esperança para a qual ele os chamou, as riquezas da gloriosa herança dele nos santos e a incomparável grandeza do seu poder para conosco, os que cremos. | Cl 1:27 - A eles quis Deus dar a conhecer entre os gentios a gloriosa riqueza deste mistério, que é Cristo em vocês, a esperança da glória. | 1Ts 1:3 - Lembramos continuamente, diante de nosso Deus e Pai, o que vocês têm demonstrado: o trabalho que resulta da fé, o esforço motivado pelo amor e a firmeza da esperança em nosso Senhor Jesus Cristo."
70,Domingo,Gratidão e Louvor,"2Co 2:14, 2Co 9:15, Fp 1:3-4","2Co 2:14 - Mas graças a Deus, que sempre nos conduz vitoriosamente em Cristo e por nosso intermédio exala em todo lugar a fragrância do seu conhecimento. | 2Co 9:15 - Graças a Deus por seu dom indescritível! | Fp 1:3-4 - Agradeço a meu Deus toda vez que me lembro de vocês. Em todas as minhas orações em favor, sempre oro com alegria."
71,Segunda,Recomeço,"Hb 4:16, Tg 1:17, Is 55:7","Hb 4:16 - Assim, aproximemo-nos do trono da graça com toda a confiança, a fim de recebermos misericórdia e encontrarmos graça que nos ajude no momento da necessidade. | Tg 1:17 - Toda boa dádiva e todo dom perfeito vêm do alto, descendo do Pai das luzes, que não muda como sombras inconstantes. | Is 55:7 - Deixe o ímpio o seu caminho, e o homem mau os seus pensamentos. Volte-se ele para o Senhor, que terá misericórdia dele; volte-se para o nosso Deus, pois ele dá de bom grado o seu perdão."
72,Terça,Foco e Autocontrole,"Pv 23:12, Dn 1:8, Lc 21:34","Pv 23:12 - Aplique o coração ao ensino e os ouvidos às palavras do conhecimento. | Dn 1:8 - Daniel, contudo, decidiu firmemente não se contaminar com a comida e o vinho do rei, e pediu ao chefe dos oficiais permissão para se abster deles. | Lc 21:34 - Tenham cuidado, para que os seus corações não fiquem sobrecarregados de libertinagem, bebedeira e ansiedades da vida, e aquele dia continue sobre vocês inesperadamente como uma armadilha."
73,Quarta,Família,"Jo 15:12, Rm 14:19, 1Co 1:10","Jo 15:12 - O meu mandamento é este: Amem-se uns aos outros como eu os amei. | Rm 14:19 - Por isso, esforcemo-nos em promover tudo quanto conduz à paz e à edificação mútua. | 1Co 1:10 - Irmãos, suplico-lhes em nome de nosso Senhor Jesus Cristo que concordem uns com os outros no que falam, para que não haja divisões entre vocês, e, sim, que todos estejam plenamente unidos num só pensamento e num só parecer."
74,Quinta,Organização e Finanças,"Gl 6:7, Ef 4:28, 1Tm 6:17-18","Gl 6:7 - Não se deixem enganar: de Deus não se zomba. Pois o que o homem semear, isso também colherá. | Ef 4:28 - O que furtava não furte mais; antes trabalhe, fazendo algo de útil com as mãos, para que tenha o que repartir com quem estiver em necessidade. | 1Tm 6:17-18 - Exorte os ricos deste mundo a não serem orgulhosos nem a colocarem sua esperança na incerteza da riqueza, mas em Deus, que de tudo nos provê ricamente para a nossa satisfação. Ordene-lhes que pratiquem o bem, sejam ricos em boas obras, generosos e prontos a repartir."
75,Sexta,Paz e Cura,"Hb 12:14, Tg 3:17-18, 1Pe 3:11","Hb 12:14 - Esforcem-se para viver em paz com todos e para serem santos; sem santidade ninguém verá o Senhor. | Tg 3:17-18 - Mas a sabedoria que vem do alto é antes de tudo pura; depois, pacífica, amável, compreensiva, cheia de misericórdia e de bons frutos, imparcial e sincera. O fruto da justiça semeia-se em paz para os pacificadores. | 1Pe 3:11 - Afaste-se do mal e faça o bem; busque a paz e com determinação siga-a."
76,Sábado,Esperança e Força,"Tt 2:13, Hb 10:23, Hb 11:1","Tt 2:13 - Enquanto aguardamos a bendita esperança: a gloriosa manifestação de nosso grande Deus e Salvador, Jesus Cristo. | Hb 10:23 - Apeguemo-nos com firmeza à esperança que professamos, pois aquele que prometeu é fiel. | Hb 11:1 - Ora, a fé é a certeza daquilo que esperamos e a prova das coisas que não vemos."
77,Domingo,Gratidão e Louvor,"Cl 1:12, Cl 2:7, Cl 4:2","Cl 1:12 - Dando graças ao Pai, que nos tornou dignos de participar da herança dos santos no reino da luz. | Cl 2:7 - Arraigados e edificados nele, firmados na fé tal como foram ensinados, transbordando de gratidão. | Cl 4:2 - Dediquem-se à oração, estejam alertas e sejam agradecidos."
78,Segunda,Recomeço,"Os 6:1, Jl 2:25-26, Sf 3:17","Os 6:1 - Venham, voltemos para o Senhor. Ele nos despedaçou, mas nos sarará; ele nos feriu, mas nos curará. | Jl 2:25-26 - Vou restituir-lhes os anos que foram devorados pelo gafanhoto... Vocês comerão até ficarem satisfeitos e louvarão o nome do Senhor, o seu Deus. | Sf 3:17 - O Senhor, o seu Deus, está em seu meio, poderoso para salvar. Ele se regozijará em você com alegria, com o seu amor a renovará, ele se regozijará em você com júbilo."
79,Terça,Foco e Autocontrole,"Rm 12:3, 2Co 7:1, Ef 6:14","Rm 12:3 - Pois pela graça que me foi dada digo a todos vocês: Ninguém tenha de si mesmo um conceito mais elevado do que deve ter; mas, ao contrário, tenha um conceito equilibrado, de acordo com a medida da fé que Deus lhe deu. | 2Co 7:1 - Amados, visto que temos essas promessas, purifiquemo-nos de tudo o que contamina o corpo e o espírito, aperfeiçoando a santidade no temor de Deus. | Ef 6:14 - Assim, mantenham-se firmes, cingindo-se com o cinto da verdade, vestindo a couraça da justiça."
80,Quarta,Família,"Ef 4:32, Fp 2:3-4, Cl 3:13","Ef 4:32 - Sejam bondosos e compassivos uns para com os outros, perdoando-se mutuamente, assim como Deus perdoou vocês em Cristo. | Fp 2:3-4 - Nada façam por ambição egoísta ou por vaidade, mas humildemente considerem os outros superiores a vocês mesmos. Cada um cuide, não somente dos seus interesses, mas também dos interesses dos outros. | Cl 3:13 - Suportem-se uns aos outros e perdoem as queixas que tiverem uns contra os outros. Perdoem como o Senhor lhes perdoou."
81,Quinta,Organização e Finanças,"Tg 4:13-15, 1Jo 3:17, 3Jo 1:2","Tg 4:13-15 - Ouçam agora, vocês que dizem: Hoje ou amanhã iremos para esta ou aquela cidade, passaremos um ano ali, faremos negócios e ganharemos dinheiro. Vocês nem sabem o que acontecerá amanhã! Em vez disso, deveriam dizer: Se o Senhor quiser, viveremos e faremos isto ou aquilo. | 1Jo 3:17 - Se alguém tiver recursos materiais e, vendo seu irmão em necessidade, não se compadecer dele, como pode permanecer nele o amor de Deus? | 3Jo 1:2 - Amado, oro para que você tenha boa saúde e tudo corra bem, assim como vai bem a sua alma."
82,Sexta,Paz e Cura,"Sl 23:4, Sl 55:22, Ap 21:4","Sl 23:4 - Mesmo não tendo que andar pelo vale da sombra da morte, não temerei perigo algum, pois tu estás comigo; a tua vara e o teu cajado me protegem. | Sl 55:22 - Entregue suas preocupações ao Senhor, e ele o susterá; jamais permitirá que o justo venha a cair. | Ap 21:4 - Ele enxugará dos seus olhos toda lágrima. Não haverá mais morte, nem tristeza, nem choro, nem dor, pois a antiga ordem já passou."
83,Sábado,Esperança e Força,"1Pe 1:21, 1Pe 3:15, 1Jo 3:3","1Pe 1:21 - Por meio dele vocês crêem em Deus, que o ressuscitou dentre os mortos e o glorificou, de modo que a fé e a esperança de vocês estão em Deus. | 1Pe 3:15 - Antes, santifiquem a Cristo, como Senhor, em seus corações. Estejam sempre preparados para responder a qualquer pessoa que lhes pedir a razão da esperança que há em vocês. | 1Jo 3:3 - Todo aquele que nele tem esta esperança purifica-se a si mesmo, assim como ele é puro."
84,Domingo,Gratidão e Louvor,"2Ts 1:3, 1Tm 1:12, Hb 13:15","2Ts 1:3 - Devemos sempre dar graças a Deus por vocês, irmãos, como é justo, porque a fé que vocês têm cresce cada vez mais, e muito aumenta o amor de todos vocês uns pelos outros. | 1Tm 1:12 - Dou graças a Cristo Jesus, nosso Senhor, que me deu forças e me considerou fiel, designando-me para o ministério. | Hb 13:15 - Por meio de Jesus, portanto, ofereçamos continuamente a Deus um sacrifício de louvor, que é fruto de lábios que confessam o seu nome."
85,Segunda,Recomeço,"Lc 19:10, Jo 10:10, 2Co 3:18","Lc 19:10 - Pois o Filho do homem veio buscar e salvar o que estava perdido. | Jo 10:10 - O ladrão vem apenas para roubar, matar e destruir; eu vim para que tenham vida, e a tenham plenamente. | 2Co 3:18 - E todos nós, que com o rosto descoberto contemplamos a glória do Senhor, segundo a sua imagem estamos sendo transformados com glória cada vez maior, a qual vem do Senhor, que é o Espírito."
86,Terça,Foco e Autocontrole,"1Tm 6:11-12, Tg 4:7, 1Pe 2:11","1Tm 6:11-12 - Você, porém, homem de Deus, fuja de tudo isso e busque a justiça, a piedade, a fé, o amor, a perseverança e a mansidão. Combata o bom combate da fé. Tome posse da vida eterna. | Tg 4:7 - Portanto, submetam-se a Deus. Resistam ao Diabo, e ele fugirá de vocês. | 1Pe 2:11 - Amados, exorto-os, como a estrangeiros e peregrinos, a se absterem das paixões carnais que guerreiam contra a alma."
87,Quarta,Família,"1Ts 5:11, Tg 5:16, 1Pe 4:8","1Ts 5:11 - Por isso, animem-se uns aos outros e edifiquem-se mutuamente, como de fato vocês estão fazendo. | Tg 5:16 - Portanto, confessem os seus pecados uns aos outros e orem uns pelos outros para serem curados. A oração de um justo é poderosa e eficaz. | 1Pe 4:8 - Sobretudo, amem-se sinceramente uns aos outros, porque o amor perdoa muitíssimos pecados."
88,Quinta,Organização e Finanças,"Dt 15:7-8, Rt 2:12, Ne 4:6","Dt 15:7-8 - Se houver algum pobre no meio de vocês em alguma das suas cidades... não endureçam o coração, nem fechem as mãos para com o seu irmão pobre. Pelo contrário, tenham mão aberta e emprestem-lhe livremente o que ele necessitar. | Rt 2:12 - O Senhor lhe retribua o que você tem feito, e seja rica a sua recompensa da parte do Senhor, Deus de Israel, sob cujas asas você veio buscar refúgio! | Ne 4:6 - Nesse meio tempo fomos reconstruindo o muro, até que em toda a sua extensão chegamos à metade da sua altura, pois o povo estava totalmente dedicado ao trabalho."
89,Sexta,Paz e Cura,"Mt 6:34, Jo 14:1, Rm 15:33","Mt 6:34 - Portanto, não se preocupem com o amanhã, pois o amanhã trará as suas próprias preocupações. Basta a cada dia o seu próprio mal. | Jo 14:1 - Não se turbe o vosso coração; credes em Deus, crede também em mim. | Rm 15:33 - O Deus da paz seja com todos vocês. Amém."
90,Sábado,Esperança e Força,"Sl 25:3, Sl 119:49-50, Mq 7:7","Sl 25:3 - Nenhum dos que esperam em ti ficará desapontado; desapontados ficarão os que, sem motivo, agem traiçoeiramente. | Sl 119:49-50 - Lembra-te da palavra que deste ao teu servo, na qual me fizeste esperar. Este é o meu consolo no meu sofrimento: a tua promessa me dá vida. | Mq 7:7 - Mas, quanto a mim, ficarei atento ao Senhor, esperando em Deus, o meu Salvador; o meu Deus me ouvirá."
